text,label
My bill shows $124 but my plan is supposed to be $89. Why the extra charges,Billing
I got a late fee but I paid on the 3rd. Your system must have processed it wrong,Billing
Can you explain what the 'Regulatory Recovery Fee' of $4.28 is on my statement,Billing
I was charged for a pay-per-view movie I never ordered. Please remove it,Billing
Why did my autopay take out $215 this month instead of the usual $95,Billing
I paid my past due balance an hour ago but my service is still shut off,Billing
There are two payments of $78.99 posted on April 16th. I only authorized one,Billing
My paper bill shows a $10 'Paper Statement Fee'. I never opted in for that,Billing
Why am I being taxed twice on my bill. There’s state and local plus another line,Billing
My bill went up $20 after my 12-month promo ended. What are my options,Billing
Supervisor said I’d get a $50 credit last month. It’s not on this bill,Billing
My bill says I used 1.2TB but I don’t have data caps. Why are you tracking it,Billing
Got charged an early termination fee but I’m month-to-month,Billing
Why is there a $35 'Restoral of Service' fee when I paid same day,Billing
What’s the total to cancel today with equipment fees included,Billing
"My bill shows a $9.99 'Sports Broadcast Fee' but I don’t have cable, just internet",Billing
I’m on budget billing. Why did my monthly amount jump from $102 to $140,Billing
You charged me for a service call but the tech said it was free,Billing
I need an itemized bill mailed to me. I don’t see the option online,Billing
There’s a $25 charge labeled 'One-Time Charge' with no description,Billing
My autopay discount fell off this month. I didn’t change anything,Billing
Why did you bill me for a full month when I only had service for 12 days,Billing
I disputed a charge with my bank and now you added a $15 return fee,Billing
Can you apply my $100 Visa Reward Card credit to my past due balance,Billing
My bill has a $6.50 'Administrative Fee'. What’s that for,Billing
I was double billed for the equipment protection plan,Billing
Please waive the late fee. The outage prevented me from paying online,Billing
My bill says $0 due but the app says I’m past due $87. Which is right,Billing
I’m getting charged for a second line I cancelled in January,Billing
Why did my taxes go up $3 when my base plan price didn’t change,Billing
Can you reprint my last 3 months of bills for my HSA reimbursement,Billing
My promo credit of $30 isn’t showing this cycle,Billing
I paid at Walmart MoneyCenter 4 days ago and it’s still not posted,Billing
There’s a $19.99 'Tech Assist' charge. I never called for support,Billing
My bill is $15 higher but my usage was lower. That makes no sense,Billing
I want to remove the insurance on my phone line effective today,Billing
Why am I paying $5 for a paper bill and $5 for autopay. Shouldn’t one be free,Billing
Can you backdate a payment arrangement so I don’t get a late fee,Billing
My account shows a $200 credit but I never paid extra. Is this an error,Billing
You billed my old card that expired. Can you switch to my new one and retry,Billing
My internet has been out since the storm on Tuesday. I need a tech sent out,Repair
Upload speeds dropped to 1 Mbps yesterday and I run a business from home,Repair
Router keeps rebooting every 10 minutes. I’ve reset it three times already,Repair
The technician didn’t fix the outside line. My service went down again 2 hours after he left,Repair
Cable box shows error code RDK-03036. No channels are working,Repair
Service has been buffering all week on every device. Speed test shows 8 Mbps down,Repair
ONT has a red Alarm light. Power cycling didn’t help. What’s next,Repair
Internet drops every night around 9pm for 20 minutes. Started last Thursday,Repair
Technician was a no-show in my 12-4pm window. I took off work for this,Repair
My static IP stopped working after the outage yesterday,Repair
Coax cable outside is hanging low after the wind storm. Safety issue,Repair
Modem keeps losing connection and the online light blinks green,Repair
Every time someone uses the microwave my WiFi disconnects,Repair
My TV freezes on HD channels but SD channels work fine,Repair
Internet works but phone line has no dial tone since this morning,Repair
Getting packet loss in online games. Ping spikes to 400ms every few seconds,Repair
The buried line flag is still in my yard from 3 weeks ago. When will you bury it,Repair
My service was working before your maintenance last night. Now it’s dead,Repair
WiFi signal doesn’t reach my bedroom after I got the new gateway,Repair
Error code XRE-00250 on all cable boxes after the power flicker,Repair
Uploads fail on Zoom calls. My boss says I’m breaking up,Repair
There’s a loud hum on my landline and I can barely hear callers,Repair
The new fiber was installed but the tech didn’t activate my port,Repair
My speeds are fine on ethernet but WiFi is under 10 Mbps right next to router,Repair
Internet cuts out whenever it rains. This has been going on for months,Repair
I want to sign up for your 1 Gig fiber plan. Is it available at 75201,Sales
"Do you have any new customer promos for internet only, no bundle",Sales
Can I get the iPhone 16 Pro on installment if I port my number from T-Mobile,Sales
Looking to add a second line to my account. What’s the cheapest unlimited plan,Sales
I want the 500 Mbps plan with no data caps. Is there a contract,Sales
Can I bundle YouTube TV through you guys for a discount,Sales
Is there a setup fee if I self-install the internet kit,Sales
Sign me up for Spectrum Mobile if I get the 300 Mbps internet,Sales
New neighbor referral gave me a $100 card code. How do I apply it,Sales
"What’s the price for 2 gig internet at my address in Austin, 78704",Sales
Do you offer a senior discount on internet plans,Sales
Can I get HBO Max included if I upgrade my cable package today,Sales
I’m moving next Friday. Can I schedule install for the new place now,Sales
Do you price match if I bring a quote from Cox for $49.99,Sales
Is the modem free or do I have to rent it for $15 a month,Sales
Xfinity quoted me $50 for 400 Mbps. Can you beat that price,Retention
I’ve been with Verizon for 9 years. Take this $15 surcharge off or I’m cancelling,Retention
Your prices keep going up. Either give me the new customer rate or close my account,Retention
AT&T Fiber is offering me $55 a month. Will you price match to keep me,Retention
Cancel my account. I’m moving back to Canada next week,Retention
I was promised a loyalty discount for staying after my contract. Where is it,Retention
If you can’t waive this activation fee I’ll stay with my current provider,Retention
Your competitor doesn’t charge for equipment. Why should I stay,Retention
I’m on a fixed income. If you can’t lower my bill I have to disconnect,Retention
This is the third price increase this year. I’m done,Retention
I ordered a replacement cable box 6 days ago. Tracking still says 'label created',Order Management
Need to change the installation date for my internet. Order #VTX-88921,Order Management
I received a damaged modem. The box was crushed and it rattles,Order Management
Still haven’t received the SIM card for my new line. Ordered 4/14,Order Management
I want to return the WiFi extender I bought. It didn’t fix the dead zone,Order Management
Can I upgrade my phone online and pick it up in store today,Order Management
Track my equipment return. I dropped it at UPS 5 days ago and you still haven’t closed the order,Order Management
I ordered a self-install kit but you sent a technician instead. Cancel the tech,Order Management
The agent put the wrong speed on my order. I wanted 1 gig not 300 Mbps,Order Management
Can you expedite my equipment shipping? I paid for overnight,Order Management
My bill is showing a $150 'Unreturned Equipment' fee but I sent it back 2 weeks ago,Billing
Can you break my $340 past due into 3 payments,Billing
I’m a veteran. Do you have a military discount you can apply,Billing
Why did my plan change without me authorizing it. I was on the $60 plan,Billing
Your website took my payment but I never got a confirmation email,Billing
Add my son as an authorized user so he can discuss the bill,Billing
I’m getting charged $12 for 'Inside Wire Maintenance'. I declined that,Billing
Can you reverse the $8.99 'Convenience Fee' for paying by phone,Billing
My bill doesn’t reflect the autopay + paperless discount of $10,Billing
I need to update the name on my account due to marriage,Billing
Service address is wrong on my bill. Will that affect 911,Billing
I paid through my bank’s bill pay and you charged me a late fee anyway,Billing
Take me off the seasonal suspend. I’m back at my house now,Billing
Why is there a 'State Cost Recovery Fee' of $2.97,Billing
Can you email me a PDF of my bill? The portal won’t load,Billing
My roommate moved out. Take their line off and recalculate my bill,Billing
I was told my first month was free. Why am I being charged $79,Billing
"Please remove the $3.99 'Help Desk Fee'. I used the app, not a rep",Billing
My bill says I have a $0 balance but I know I owe for this month,Billing
Can you split this bill so my ex pays their portion,Billing
Internet light on my modem is off but power and WiFi are on,Repair
Getting DNS errors on all devices. Can’t load any websites,Repair
Tech said the node in my area is oversold. When will it be fixed,Repair
My eero mesh nodes keep going offline since your firmware update,Repair
Cable works but internet is down. Two separate outages,Repair
Speeds drop to 3 Mbps from 5pm to 11pm every single night,Repair
I hear static and clicking on my phone line during calls,Repair
The box outside my house is open and wires are exposed,Repair
My service was working before I switched to your new gateway,Repair
Getting 'No Signal' on HDMI 1 but HDMI 2 works. Is it the box,Repair
"Internet works for 10 minutes then dies for 5, all day long",Repair
Can you run a line test? My calls keep dropping at 2 minutes,Repair
My upload speed is 0.4 Mbps. I can’t send email attachments,Repair
Tech came but didn’t have the right part. When is the next visit,Repair
The app says outage in my area but my neighbor’s service works,Repair
I want to add my college student to my plan for $25 a line,Sales
Do you offer prepaid internet with no credit check,Sales
Can I get the Samsung S25 Ultra with $800 trade-in credit today,Sales
Is there a bundle discount if I add home security,Sales
What’s the install fee if I need a new line buried to my house,Sales
Do you have 5G home internet at 90210,Sales
Can I get a second modem for my detached garage,Sales
Looking for internet for my small business. Need 4 lines + static IP,Sales
Do you offer ACP or Lifeline discounts,Sales
If I prepay 12 months do I get a discount,Sales
I’m switching from CenturyLink. Can you handle the number port,Sales
Retention just offered me $20 off. Can you do $30,Retention
I'm paying $180 for internet and TV. That’s too high for channels I don’t watch,Retention
Your chat agent was rude. If that’s your service level I want to cancel,Retention
Give me the same deal you gave my neighbor or I’m leaving,Retention
I’m temporarily moving for work. Can you pause instead of cancel,Retention
Make my rate $70 flat or disconnect me. No counter offer,Retention
Why would I stay when Starlink is the same price with no outages,Retention
I’ve had 4 outages this month. Credit my bill or I’m gone,Retention
Your loyalty department didn’t call back like promised. Last chance,Retention
Remove all extras. If my bill isn’t under $90 I’m cancelling,Retention
I need to cancel my pending order. I found a better deal,Order Management
Change my phone upgrade from black to blue if it hasn’t shipped,Order Management
"I received someone else’s equipment. Label has my address, wrong name",Order Management
Add a note to my install: gate code is 3490#,Order Management
Can you overnight the replacement power cord for my modem,Order Management
My order says complete but tech never came and nothing works,Order Management
I want to pick up my new phone at the store on 5th Street instead,Order Management
Cancel the TV portion of my order. Keep internet only,Order Management
The system let me order 2 gig but now you say it’s not available,Order Management
Please confirm my disconnect date is April 30th so I don’t get rebilled,Order Management
My bill shows 'Equipment Non-Return' fee but I have UPS drop off receipt,Billing
Can you waive the $99 reconnect fee? My power was out during the due date,Billing
Why am I being charged for 3 lines when I only have 2 active,Billing
I’m on fixed income. Can you move my due date to the 5th of each month,Billing
Please email manager for credit approval on the $200 install fee,Billing
My bill is in collections but I never got a final notice,Billing
Can you confirm my account is paid in full with zero balance,Billing
I need the EIN on my bill for my business taxes,Billing
Why did my 'Price for Life' plan go up $7,Billing
You charged me a deposit again. I already paid one in 2021,Billing
My bill shows two 'Federal Universal Service' fees,Billing
Can I pay $50 today and the rest Friday to avoid shutoff,Billing
I want to dispute the $45 truck roll fee. The problem was on your pole,Billing
Please remove the 'Broadcast TV Surcharge'. I stream only,Billing
My bill prorated incorrectly after I downgraded. Overcharged $22,Billing
Can you resend my bill in large print format,Billing
I’m blind and need voice bill reading. How do I enroll,Billing
Why is my new bill $30 more when I removed a service,Billing
Add my DBA name to the business account billing,Billing
My bill shows a credit but your IVR says I owe money,Billing
TV pixelates on windy days. Signal levels look bad on the box,Repair
"Internet fine on phone but laptop says 'No Internet, Secured'",Repair
My landline works for incoming but I can’t dial out,Repair
"Since the outage, my TiVo can’t connect to your service",Repair
Getting buffering on every streaming app but speed test is 450 Mbps,Repair
The tech cut my neighbor’s line while fixing mine. Now they’re out,Repair
My eero app says 'Double NAT detected'. Is that your gateway,Repair
Internet drops when I get a phone call on my landline,Repair
New gateway has weaker 5GHz range than the old one,Repair
My public IP changes every hour. I need it stable for my VPN,Repair
Can’t port forward anymore since you swapped my modem,Repair
Getting IPv6 only. Some of my work sites need IPv4,Repair
My service was buried but they only went 1 inch deep. It’s exposed,Repair
Whole-home DVR not showing recordings from other rooms,Repair
OnDemand says 'Temporarily Unavailable' on all channels for 2 days,Repair
My bill shows a $50 'Early Upgrade Fee' but my contract ended last month,Billing
Can you remove the $9.99 'HD Tech Fee'. I don’t even have HD service,Billing
I paid through the app but my bank shows it pending twice. Did you double charge,Billing
Why is there a $30 'Field Collection Fee' when I paid online before cutoff,Billing
My bill doesn’t show the $15 autopay discount we discussed last call,Billing
Can you split my $280 bill into 4 weekly payments starting Friday,Billing
I’m getting billed for Netflix through you and also directly. Please cancel yours,Billing
There’s a $4.99 'Convenience Charge' every month. Can I avoid that,Billing
My bill says I have 3 receivers but I returned one in March,Billing
Please waive the late fee. USPS lost my mailed check and I have proof,Billing
I need my account number and PIN to port out but the app won’t show it,Billing
Why did my 'Lifetime Price Lock' increase by $12 this month,Billing
Can you apply my $200 Mastercard reward to the equipment balance first,Billing
My bill has a $7 'Video Service Fee' but I cancelled cable 2 cycles ago,Billing
I’m on assistance. Can you backdate the Lifeline credit to last month,Billing
There’s a duplicate $14.99 'Security Suite' charge on my statement,Billing
My bill shows $0 due but I got a disconnect notice in the mail today,Billing
Can you confirm my payment of $112 posted on April 19th,Billing
I want to switch from paper billing to ebill but keep the $5 credit,Billing
Why am I paying $25 for a 'Regional Sports Fee' when I have internet only,Billing
My bill went up after I removed HBO. That doesn’t make sense,Billing
Can you re-rate my last bill without the 'Premium Data' add-on I didn’t want,Billing
I’m getting charged for a tablet line I cancelled 6 months ago,Billing
"Please reverse the $50 'Missed Appointment' fee. Your tech was late, not me",Billing
My bill shows a $199 'Non-Return Modem' fee but I use my own modem,Billing
Can you move my billing cycle to sync with my Social Security deposit,Billing
I need a letter stating my account is in good standing for my apartment,Billing
Why is there a 'Franchise Fee' and a 'Franchise Cost' as two lines,Billing
My bill says I used 900GB on a phone line. That has to be an error,Billing
Can you stop the paper bills? I’m still getting them after opting out,Billing
I was told my first bill would be prorated but I got charged full month,Billing
Please remove the $10 'Lease Fee' since I bought my router outright,Billing
My bill has a $35 'Service Transfer Fee'. I just moved within same city,Billing
Can you apply my overdue balance to my credit card on file now,Billing
I’m getting a $3 'E-911 Fee' per line. Is that required for all 5 lines,Billing
Why did my taxes go from $8 to $14 with no plan change,Billing
Can you send me a zero balance letter for closing on my house,Billing
My bill shows a credit of $600. Is that real or a system glitch,Billing
I want to pay $100 now. Will that stop the disconnect scheduled today,Billing
Please explain the $18.72 'Other Charges & Credits' section,Billing
My bill says 'Includes $40 discount' but my total didn’t drop $40,Billing
Can you refund the $20 'Payment Processing Fee' for using debit card,Billing
I’m getting charged for WiFi pods I never received,Billing
Why is there a $15 'Change of Service Fee' when I only removed a feature,Billing
My bill shows a $0.99 'Regulatory Video Cost Recovery'. What is that,Billing
Can you put a note to not charge late fees while my fraud case is open,Billing
I need my last 12 bills for bankruptcy filing. Can you email them,Billing
Why am I paying $10 for 'Whole Home DVR' on each TV box,Billing
My bill says I’m in a contract until 2027. I never signed one,Billing
Can you reverse the $75 'Reactivation Fee'. My service was never off,Billing
Internet disconnects every time my sprinkler system turns on,Repair
Getting 900+ ping in games between 7-10pm. Unplayable,Repair
My phone line has a busy signal even when I’m not on a call,Repair
Cable box reboots itself during primetime shows every night,Repair
Ethernet works but WiFi SSID disappeared from all devices,Repair
Tech said my tap is bad. When will maintenance replace it,Repair
Getting 'Error S0a00' on all X1 boxes since last night,Repair
My upload speed is 35 but download is 2. That’s backwards,Repair
Internet works on VPN but not without it. Something’s blocking,Repair
Landline has echo and I hear other conversations faintly,Repair
The drop from the pole to my house is frayed and sparking,Repair
My gateway keeps switching from IPv4 to IPv6 and breaking my cameras,Repair
TV audio is out of sync by 2 seconds on all live channels,Repair
Internet drops when my neighbor uses his arc welder,Repair
Getting 'Weak or No Signal' on channels 2 through 13 only,Repair
My eero system says 'No Internet' but your modem light is solid white,Repair
Phone calls drop exactly at 32 minutes every time,Repair
The buried cable conduit is full of water. Tech saw it last visit,Repair
My DVR didn’t record my shows last night. Storage is only 40% full,Repair
Internet slows down when the sun hits the box outside,Repair
Getting 'XRE-03121' error. Already restarted box 3 times,Repair
"My speeds are fine until I start a download, then it tanks to 1 Mbps",Repair
Landline rings once then goes to fast busy for all callers,Repair
Tech replaced my line but used RG59 instead of RG6. Will that matter,Repair
Cable card not pairing. Getting 'Not Authorized' on all channels,Repair
Internet works but I can’t reach my work VPN. MTU issue maybe,Repair
My ONT battery is beeping and I don’t have replacement,Repair
TV shows 'One Moment Please' for 10 minutes before loading,Repair
Getting shock when touching the coax cable end. Is that normal,Repair
My 2.4GHz WiFi vanished. Only 5GHz shows now,Repair
"Internet cuts out when we use the microwave, even on 5GHz",Repair
Phone has dial tone but pressing numbers does nothing,Repair
My gig service never goes above 400 Mbps even hardwired,Repair
The tech tracked mud in and didn’t fix anything,Repair
Getting 'RDK-10000' every morning until I reboot,Repair
Internet latency is 200ms to Google but 20ms to your speed test,Repair
My cable box is hot to touch and smells like burning plastic,Repair
Since the node split my speeds are worse not better,Repair
Getting 'Authorization Error' on streaming apps using your login,Repair
My coax outlet in bedroom has no signal but living room does,Repair
Internet drops when UPS truck drives by. EMI issue,Repair
Phone line picks up AM radio station when it’s raining,Repair
My gateway reboots when I run a speed test,Repair
TV channels tile and freeze during commercials only,Repair
Getting 'CM Error' on modem logs every 5 minutes,Repair
My service goes out when temperature drops below 40 degrees,Repair
Tech said I need a house amp but didn’t install one,Repair
"Internet works on PC but all IoT devices show 'Connected, No Internet'",Repair
Landline can’t call 800 numbers. Get 'Your call cannot be completed',Repair
My speeds are 950 down but 0.5 up. Upload is broken,Repair
Do you offer symmetrical speeds in 33101 for business class,Sales
Can I get a free iPad if I add a tablet line today,Sales
I want to switch from DSL to fiber. Is there a free install promo,Sales
Looking for unlimited data hotspot plan for my RV,Sales
Can I get the $30 internet plan with ACP discount,Sales
Do you have a student plan for college apartments,Sales
I want to bundle mobile with internet. How much for 2 lines + 500 Mbps,Sales
Can I buy your mesh WiFi system outright instead of monthly,Sales
Do you offer landline without internet for my elderly mom,Sales
Is there a referral bonus if I get my brother to sign up,Sales
Can I get a second IP address for my server at home,Sales
Do you have prepaid mobile plans with hotspot included,Sales
I want to move my business service to my house temporarily,Sales
Can I get the NFL Sunday Ticket through you this season,Sales
Do you offer 10 Gig service for residential yet,Sales
Can I get a static IP block of 5 addresses,Sales
I want to add international calling to Mexico. What’s the rate,Sales
Do you have a plan with Peacock Premium included,Sales
Can I get a phone number in a different area code,Sales
Is there a discount if I bring my own modem and router,Sales
Do you offer VoIP for home with battery backup,Sales
Can I get the $55 for life internet deal I saw online,Sales
I want to sign up but I have bad credit. Any deposit waivers,Sales
Do you have internet only for $25 like the ad said,Sales
Can I get a business line with SLA and 4-hour repair,Sales
Comcast gave me $300 to switch. Can you match that,Retention
I’m paying $220 a month. That’s not sustainable on retirement,Retention
Your service is down more than it’s up. Why should I stay,Retention
I found fiber for $45. Meet it or cancel me today,Retention
Been a customer 15 years. I deserve better than a $5 credit,Retention
Cancel all but the cheapest internet. I’m cutting costs,Retention
Your app says I’m a 'valued customer' but bills say otherwise,Retention
I’m moving to where you don’t service. Account closed next week,Retention
Take the $40 of fees off or I’m going to T-Mobile Home Internet,Retention
This is my final call before I file an FCC complaint or cancel,Retention
Give me new customer pricing or I’ll sign up under my wife’s name,Retention
I don’t need 1 Gig. Downgrade me or I’ll leave completely,Retention
Your retention rep last week promised $50 off. It’s not here,Retention
I’m tired of calling every year to haggle. Just give me a fair rate,Retention
Cancel my service. I’m going to use my phone hotspot only,Retention
I want to ship back my cable boxes. Send me a prepaid label,Order Management
Change my install from self-install to pro install. I’m not techy,Order Management
My phone order shows delivered but I never got it,Order Management
Cancel the technician. My service started working on its own,Order Management
I ordered 3 WiFi pods but only 2 arrived,Order Management
Please update my order to include a battery backup for ONT,Order Management
Can you delay my number port 48 hours. Need to close old account,Order Management
My install was rescheduled without asking me. Change it back,Order Management
I need to return the gateway and keep using my own,Order Management
Add a second cable box to my install order for Tuesday,Order Management
My bill is $40 higher after you said 'no price change' on the upgrade,Billing
Can you remove the $20 'Broadcast Fee' while I’m on vacation pause,Billing
I’m getting charged for a service call when the issue was your outage,Billing
Why is there a 'Franchise Regulatory Fee' and 'Regulatory Fee' separately,Billing
My bill shows a $75 'Truck Roll' but no one came to my house,Billing
Can you apply my Amex offer credit to the past due amount,Billing
I’m getting a $5 'Paperless Billing Fee'. That’s the opposite of what it should be,Billing
Why did my plan change from $70 to $85 with no notice,Billing
My bill has a $12 'Voice Network Investment Fee' on internet only,Billing
Can you delete the $99 'Service Activation' since I did self-install,Billing
I need a supervisor to approve waiving $300 in install fees,Billing
Why am I paying $8 for 'Service Protection Plan' I never added,Billing
My bill shows a payment but your system says I’m still past due,Billing
Can you stop the autopay? I want to pay manually this month,Billing
I’m getting charged $15 for each additional TV box. Is that right,Billing
Please remove the $25 'Downgrade Fee'. I’m cutting costs,Billing
My bill says 'Includes $10 loyalty discount' but math doesn’t add up,Billing
Can you reprint bill with my business tax ID on it,Billing
I was charged $50 for a returned payment but my bank shows it cleared,Billing
Why is there a $2 'Internet Infrastructure Surcharge',Billing
My bill has a $0 charge for 'Equipment Upgrade' but total went up,Billing
Can you confirm my promo ends August 2026 not 2025,Billing
I’m getting a $7 'Carrier Cost Recovery' fee on every line,Billing
Please take off the $60 'Service Restore' fee. I paid before cutoff,Billing
My bill shows a credit balance but I can’t use it for my new order,Billing
Can you explain why 'Taxes and Fees' are 28% of my bill,Billing
I want to pay my bill in cash. Where’s the closest payment center,Billing
Why did my 'Price for Life' go up after you added a fee,Billing
My bill has a $10 'Network Access Charge' twice,Billing
Can you reverse the $3 'Pay by Phone' fee? The website was down,Billing
Internet is out and your outage map shows nothing. Am I the only one,Repair
Getting 'Error 500' when logging into your app to report outage,Repair
My service drops every time my neighbor’s landscaper is here,Repair
TV says 'Acquiring Signal' for 20 minutes every time it rains,Repair
Internet works but my work laptop says 'Captive Portal Detected',Repair
Landline has static only when my AC kicks on,Repair
My gateway light is solid white but no devices can get online,Repair
Speeds are 900 Mbps but websites load slow. DNS issue,Repair
Getting 'RDK-03033' after power outage. Other box is fine,Repair
Internet cuts out when I use my garage door opener,Repair
My MOCA adapter stopped working after your tech visit,Repair
Phone line dial tone is there but breaks up when talking,Repair
My service was working before you 'upgraded' the node,Repair
WiFi calling drops calls when I walk between rooms,Repair
Getting 'CM Certificate Error' in modem logs daily,Repair
Internet lags in Fortnite but speed test shows 800 Mbps,Repair
My cable box won’t update firmware. Stuck at 28%,Repair
Service drops when the city water tower light blinks,Repair
Getting 'Error 7' on all streaming apps through your service,Repair
My landline caller ID shows wrong numbers constantly,Repair
Do you have 8 Gig fiber in 10001 New York,Sales
Can I get the Pixel 9 Pro with $700 off for switching,Sales
Is there a bundle with Disney+ and ESPN+ included,Sales
Do you offer internet for a food truck with mobile router,Sales
Can I get a /29 subnet routed to my business account,Sales
I want to pre-order the new iPhone. When does it ship,Sales
Do you have a plan for just email and light browsing for seniors,Sales
Can I get 4 lines for $100 with autopay,Sales
Is there a discount for teachers or nurses,Sales
Do you offer rural fixed wireless if I’m 5 miles out of town,Sales
My bill has a $20 'Video Technology Fee' but I only have internet,Billing
Can you waive the $10 'Service Change Fee'? I did it all online,Billing
I’m getting billed for a landline I cancelled 8 months ago,Billing
Why is there a $15 'Regulatory Video Cost' on my internet-only plan,Billing
My bill shows $0 due but I got a collections letter yesterday,Billing
Please remove the $35 'Activation Fee'. The store said it was waived,Billing
I need my bill broken down by location for my 3 properties,Billing
Why did my 'All-In Pricing' bill add $22 in fees after signup,Billing
My bill has a $6 'Internet Cost Recovery Fee'. Is that new,Billing
Can you refund the $50 'Same Day Reconnect' when it took 2 days,Billing
I’m getting charged $25 for 'Unreturned Equipment' but I have the FedEx receipt,Billing
Why is there a $9.99 'Advanced TV Service Fee' on a basic box,Billing
My bill says I have a contract. I’m month-to-month,Billing
Can you apply my $150 gift card to the overdue balance only,Billing
I’m getting a $4 'State Telecom Tax' and a 'State Sales Tax' too,Billing
Please delete the $18 'Tech Premium Support' I didn’t authorize,Billing
My bill shows a $0 payment but $200 was drafted from my bank,Billing
Can you move my due date? My disability check comes on the 3rd,Billing
I want to dispute the $90 'Construction Charge' for a line already here,Billing
Why did my bill go up $5 when I removed premium channels,Billing
My bill has a $12 'Network Access and Maintenance Fee',Billing
Can you stop the 'Paper Bill' and 'Paperless Credit' from canceling out,Billing
I’m getting charged for 2 modems. I only have one,Billing
Please reverse the $25 'NSF Fee'. My bank shows funds were there,Billing
My bill says 'Includes $60 Promo' but I only see $30 off,Billing
Can you email a breakdown of the $47 in 'Other Charges',Billing
I’m getting a $3 'E-Bill Fee'. Shouldn’t that be free,Billing
Why is there a $40 'Service Adjustment' with no explanation,Billing
My bill has a $15 'Franchise Cost' and 'Franchise Fee',Billing
Can you confirm my balance is $0 before I port out,Billing
I need to add my LLC name to the bill for tax purposes,Billing
Why did my 'Taxes' line item double when my plan didn’t change,Billing
My bill shows a $200 credit but I can’t buy equipment with it,Billing
Can you waive the $99 'Professional Install' since tech was here 10 min,Billing
I’m getting billed for 'Cloud DVR Plus' on 3 boxes individually,Billing
Please remove the $7 'Voice Service Fee'. I don’t have phone,Billing
My bill says I owe $0.01 and it won’t let me pay online,Billing
Can you reissue my bill? It has my old address after I moved,Billing
I want to pay my bill with PayPal. Why is there a $6 fee,Billing
Why is there a $25 'Order Processing Fee' for self-install,Billing
My bill has a $10 'Network Enhancement Charge' every month now,Billing
Can you stop the $5 'Late Fee' while my payment plan is active,Billing
I’m getting charged for a 'Whole Home WiFi' assessment I declined,Billing
Please delete the $30 'Service Dispatch' when outage was area-wide,Billing
My bill shows a $0 balance but app won’t let me upgrade,Billing
Can you apply my deposit to my final bill since I’m cancelling,Billing
I need a detailed bill with MAC addresses for my expense report,Billing
Why did my 'Bundle Discount' drop from $40 to $20,Billing
My bill has a $50 'Violation of Terms' fee. What terms,Billing
Can you remove the $15 'SIM Card Fee' for BYOD,Billing
Internet drops when my solar panels backfeed to the grid,Repair
Getting 'RDK-03004' Cannot Connect to X1 Platform nightly,Repair
My phone line works but faxes fail since your network change,Repair
Cable box HDMI port is loose. Picture cuts out if touched,Repair
Internet speed is 800 Mbps but bufferbloat is 2000ms,Repair
Tech said my signal is too hot at +12 dBmV. Causing issues,Repair
Getting 'Error 11' on all premium channels only,Repair
My gateway reboots if I plug into LAN port 4,Repair
WiFi works on iPhone but Android says 'IP Configuration Failure',Repair
Landline has dial tone but can’t break it. No numbers work,Repair
Internet drops when train goes by. I’m 200ft from tracks,Repair
My ONT shows green PON but red FAIL. What does that mean,Repair
TV channels work but guide data is 3 days behind,Repair
Getting 'XRE-03007' on all boxes after lightning storm,Repair
"My speeds are 50 Mbps down, 500 Mbps up. Reversed",Repair
Internet cuts out when my fish tank heater turns on,Repair
Phone calls have 3-second delay like satellite,Repair
The node battery failed. Whole street out for 6 hours,Repair
My cable box says 'Too Hot' and shuts down,Repair
Internet works but my smart thermostat keeps disconnecting,Repair
Getting 'RDK-10003' Platform Error every Sunday,Repair
My landline rings but when I pick up it’s dead air,Repair
Tech buried my line but didn’t connect it at the tap,Repair
WiFi 6E band disappeared after firmware push last night,Repair
Internet lags in Discord voice but games are fine,Repair
My phone line picks up police scanner chatter,Repair
Cable box won’t go past 'Welcome' screen after update,Repair
Internet drops when my neighbor runs his ham radio,Repair
Getting 'Error Code: IA09' on all streaming apps,Repair
My gateway says 'Online' but routing table is empty,Repair
TV has audio but video is black on all HD channels,Repair
Internet slows to 5 Mbps when my kid gets home from school,Repair
Landline works but caller ID only shows 'Unknown' now,Repair
My service was fine until you 'upgraded' me to mid-split,Repair
WiFi calling texts fail but calls work,Repair
Getting 'CM REG REQ' looping in modem logs,Repair
Internet cuts out when my pool pump starts,Repair
My cable box fan is screaming loud constantly,Repair
Service drops when temperature hits 95 degrees outside,Repair
Getting 'XRE-10004' after every reboot,Repair
My upload is 0 Mbps but download is 940 Mbps,Repair
Internet works on Google sites only. Everything else times out,Repair
Phone line has no dial tone but 911 still works,Repair
My gateway WAN port LED is orange not white,Repair
TV pixels freeze but audio continues fine,Repair
Internet drops when I turn on my treadmill,Repair
Getting 'RDK-03062' Connected but no entitlement,Repair
My WiFi SSID renamed itself to 'SETUP-XXXX' overnight,Repair
Landline rings once then continuous dial tone,Repair
My service was cut during your 'network upgrade' and never came back,Repair
Can I get 5 Gig fiber with 2 Gig upload,Sales
Do you offer free Peacock for 12 months with internet,Sales
I want to add a watch line and get $200 off the watch,Sales
Can I get the $45 ACP plan with 300 Mbps,Sales
Do you have a BYOD rebate for bringing 4 lines,Sales
I want to sign up but need next-day install,Sales
Can I get a /28 IP block for my home lab,Sales
Do you offer no-contract gig internet,Sales
I want to bundle mobile and get a free phone per line,Sales
Can I get the business fiber plan at my residence,Sales
"Do you have a plan for seasonal cabins, 6 months on",Sales
I want to port 3 numbers and get $600 in gift cards,Sales
Can I get the 2 Gig plan with free WiFi 7 router,Sales
Do you offer internet for my church with guest WiFi,Sales
I want to add YouTube TV through you for $10 off,Sales
Can I get a second data-only SIM for my tablet,Sales
Do you have a senior plan with free modem rental,Sales
I want to sign up but need to keep my current email,Sales
Can I get the $30 internet if I already have your mobile,Sales
Do you offer static IP for residential in 85001,Sales
I want to buy 4 WiFi extenders at signup,Sales
Can I get the new customer rate if I left 8 months ago,Sales
Do you have a plan with Max included,Sales
I want to add home phone with unlimited Canada calls,Sales
Can I get the $0 phone deal with trade-in and new line,Sales
Your fiber is $20 more than Google Fiber. Match it or I’m gone,Retention
I’ve had 6 tech visits in 2 months. Credit my bill or cancel,Retention
Your price guarantee was a lie. Rates went up twice,Retention
I’m moving to where you have service but AT&T is cheaper,Retention
Give me the $30 internet plan or I’m switching to T-Mobile,Retention
Your loyalty means nothing if you can’t fix outages,Retention
Cancel my account. I’m done with the runaround,Retention
I was promised $100 for the downtime. Where is it,Retention
Your competitor installed today. Turn mine off,Retention
Last chance: $60 flat for 1 Gig or I leave,Retention
Take the equipment fees off or I’m returning everything,Retention
I don’t want retention. I want disconnection,Retention
Your 'valued customer' discount is $2. Insulting,Retention
I’m paying for 1 Gig and getting 200. Fix price or I’m out,Retention
Give me the win-back deal now or I don’t come back later,Retention
I want to cancel my pending disconnect order. I changed my mind,Order Management
Change my phone color from white to black before it ships,Order Management
I received the wrong model gateway. I need the XB8 not XB7,Order Management
Add a UPS battery backup to my fiber install Tuesday,Order Management
Can you expedite my replacement remote. TV is unusable,Order Management
My order says 'On Hold'. Why and how do I release it,Order Management
I need to reschedule my burial crew. Flag is still in yard,Order Management
Cancel the additional TV box. Keep the rest of the order,Order Management
The agent added a landline I didn’t want. Remove from order,Order Management
Can you confirm my install window is 8am-12pm not all day,Order Management
My bill shows 'Advance Pay' credit but I didn’t pay ahead,Billing
Can you remove the $50 'Re-registration Fee'. I never left,Billing
I’m getting charged for 'Premium Tech Support' monthly,Billing
Why is there a 'City Tax' and 'City Franchise Tax',Billing
My bill has a $25 'Order Cancel Fee' for order I never placed,Billing
Can you apply my $75 loyalty credit to the equipment line,Billing
I’m getting a $10 'Paper Bill' fee and I’m on ebill,Billing
Please delete the $199 'Special Construction' charge. Line exists,Billing
My bill says I have 6 lines. I only have 2,Billing
Can you waive the $15 'Payment Arrangement Setup Fee',Billing
I need my bill with federal tax ID for my church,Billing
Why did my 'Bundle Savings' drop when I added a service,Billing
My bill has a $0.50 'Regulatory Recovery' on every service,Billing
Can you refund the $30 'Priority Shipping' that took 8 days,Billing
I’m getting charged for 'Home Phone' with no jack in house,Billing
Please remove the $45 'Service Visit' when it was your error,Billing
My bill shows a $300 deposit but I have 800 credit score,Billing
Can you stop the 'Equipment Upgrade Program' charge,Billing
I want to pay my bill via crypto. Do you take Bitcoin,Billing
Why is there a $12 'Broadcast TV Fee' and 'Regional Sports Fee',Billing
My bill has a $5 'Internet Cost Adjustment' monthly,Billing
Can you reissue bill without my SSN on it,Billing
I’m getting charged $20 for 'WiFi AirTies' I returned,Billing
Please delete the $60 'Early Termination' from old account,Billing
My bill says 'Price includes $25 discount' but total same as last month,Billing
Can you apply my $250 gift card to past due before current,Billing
I need a bill with itemized calls for my lawyer,Billing
Why did my 'Taxes and Surcharges' jump $9,Billing
My bill has a $100 'Reconnection' but I was never disconnected,Billing
Can you stop the $8 'Inside Wire Plan' I cancelled twice,Billing
My bill has a $15 'Service Restoration Fee' but I paid 2 days early,Billing
Can you remove the $30 'Field Tech Visit' when problem was at the pole,Billing
I’m getting billed for 'Cloud DVR 200 Hours' on 2 boxes separately,Billing
Why is there a $7 'Federal Cost Recovery Fee' and 'FUSF' too,Billing
My bill shows a $0 balance but your IVR says $89 due,Billing
Please delete the $45 'Upgrade Support Fee'. I upgraded online,Billing
"I need my bill with EIN and business name, not personal",Billing
Why did my 'Price Lock Guarantee' increase $10 this cycle,Billing
My bill has a $25 'Administrative Fee' and 'Admin Cost Recovery',Billing
Can you apply my $100 bill credit to equipment lease first,Billing
I’m getting charged $12 for 'Premium WiFi' I don’t use,Billing
Please reverse the $60 'Non-Pay Disconnect' fee. Bank error,Billing
My bill says I have 'Fiber 5000' but I ordered 'Fiber 1000',Billing
Can you stop the $9 'Paperless Billing Incentive' reversal,Billing
I’m getting a $3 'Paymentus Fee' for using my bank account,Billing
Why is there a $50 'Account Reactivation' when I was just suspended,Billing
My bill has a $0 charge for 'Service' but $120 total,Billing
Can you waive the $25 'Change of Ownership Fee'. It’s a divorce,Billing
I need a letter that my account has no balance for escrow,Billing
Why did my 'Bundled Rate' increase when I removed nothing,Billing
My bill shows $200 'Security Deposit' but I’m autopay 5 years,Billing
Can you remove the $18 'Voice Service Charge' from internet bill,Billing
I’m getting charged for 'Equipment Protection' on BYOD phone,Billing
Please delete the $40 'Service Adjustment' debit,Billing
My bill has a $5 'Digital Adapter Fee' for a TV I don’t have,Billing
Can you reprint my bill? It’s missing page 2 with details,Billing
I’m getting a $22 'Broadcast TV Surcharge' increase notice,Billing
Why is there a $10 'Network Investment Fee' monthly now,Billing
My bill says 'Includes $50 Promo' but I’m paying full price,Billing
Can you stop the $15 'Monthly Device Payment' on a paid-off phone,Billing
I need my bill with service address not billing address,Billing
Why did my 'Taxes' go up when my state didn’t raise rates,Billing
My bill has a $75 'Construction Fee' but drop was already here,Billing
Can you apply my $500 gift card across next 5 bills,Billing
I’m getting charged $8 for 'WiFi Management' I declined,Billing
Please remove the $30 'Late Payment' when postmark was on time,Billing
My bill shows a credit but won’t apply to my new order,Billing
Can you delete the $99 'Whole Home Install' for self-install,Billing
I’m getting a $4 'Regulatory Video Fee' on internet only,Billing
Why is there a $20 'Service Transfer' within same apartment complex,Billing
My bill has a $0 'Phone Line' but $15 in phone fees,Billing
Can you waive the $10 'Account Change Fee' for name correction,Billing
I need a final bill with zero balance to close probate,Billing
Why did my 'Autopay Discount' fall off and not come back,Billing
My bill shows $300 'Unreturned Equipment' for gateway I use daily,Billing
Can you stop the $12 'Enhanced Support' I never requested,Billing
I’m getting charged for 'Premium Channels' during free preview,Billing
Please remove the $55 'Failed Install Fee'. Tech never arrived,Billing
My bill has a $6 'Franchise Authority Fee' and 'Franchise Fee',Billing
Can you confirm my payment arrangement stops late fees,Billing
Internet works but my Ring cameras all went offline at once,Repair
Getting 'RDK-03087' Reference Code on all boxes since 3am,Repair
My landline has no dial tone but internet is perfect,Repair
Cable box shows 'One Moment Please' then black screen,Repair
Internet speed is 900 Mbps but Zoom freezes every 10 seconds,Repair
Tech said my drop is damaged. When is the bucket truck coming,Repair
Getting 'Error S0600' Service Error on all channels,Repair
My gateway LAN ports 2 and 3 are dead. Only 1 and 4 work,Repair
WiFi shows full bars but says 'No Internet Connection',Repair
Landline rings but caller hears dead air when I answer,Repair
Internet drops when my neighbor starts his leaf blower,Repair
My ONT has solid green POWER and PON but red LOS,Repair
TV guide is missing 6 hours of data every afternoon,Repair
Getting 'XRE-03059' Cannot Connect to Platform,Repair
"My speeds are 100 Mbps down, 0 Mbps up consistently",Repair
Internet cuts out when the elevator runs in my building,Repair
Phone line has clicking and I can hear radio faintly,Repair
The aerial line to my house is hanging by one strand,Repair
My DVR recordings are pixelated but live TV is fine,Repair
Internet works on 5G but not on LTE at my house,Repair
Getting 'RDK-10001' Platform Initialization Error daily,Repair
My landline can call out but all incoming go to voicemail,Repair
Tech replaced my tap but now my speeds are worse,Repair
WiFi 6 device won’t connect but WiFi 5 devices work,Repair
Internet latency to game servers is 300ms after 6pm,Repair
My phone line has a permanent busy signal,Repair
Cable box reboots when I change to channel 802,Repair
Internet drops when I turn on my space heater,Repair
Getting 'Error Code: WPC-1005' on wireless cable boxes,Repair
My gateway says 'Provisioning' for 3 hours after reboot,Repair
TV has audio description on all channels and won’t turn off,Repair
Internet slows to 2 Mbps when my son streams Twitch,Repair
Landline gets crosstalk from another customer,Repair
My service was buried 2 inches deep. Lawn mower cut it,Repair
WiFi calling drops when I leave my office room,Repair
Getting 'CM DS Lock' fail in modem diagnostics,Repair
Internet cuts out when FedEx truck parks outside,Repair
My cable box HDMI handshake fails with new TV,Repair
Service drops when it’s over 100 degrees outside,Repair
Getting 'XRE-10006' after every power flicker,Repair
My upload is capped at 5 Mbps on gig plan,Repair
Internet works on browser but not on apps,Repair
Phone line has loud pop every 30 seconds,Repair
My gateway WAN light blinks orange continuously,Repair
TV channels 1000+ work but below 1000 are black,Repair
Internet drops when I use my Instant Pot,Repair
Getting 'RDK-03033' Network Problem on 1 of 3 boxes,Repair
My service was working until you 'optimized' my node,Repair
WiFi devices get APIPA 169.254 address from your router,Repair
Landline can’t dial 911. Get fast busy,Repair
My speeds are 50 Mbps hardwired on gig service,Repair
Can I get 3 Gig fiber with 3 Gig upload,Sales
Do you offer free Amazon Prime with 1 Gig internet,Sales
I want to add a line and get $800 off any phone,Sales
Can I get the $25 internet for low income,Sales
Do you have a BYOD credit for 5 lines switching,Sales
I want to sign up but need same-day install today,Sales
Can I get a /27 static IP block for my business,Sales
Do you offer no-credit-check internet plans,Sales
I want to bundle mobile and get a free tablet,Sales
Can I get the business fiber with residential SLA,Sales
"Do you have internet for short-term rental, 3 months",Sales
I want to port 2 numbers and get $400 per line,Sales
Can I get the 5 Gig plan with WiFi 7 beacon included,Sales
Do you offer internet for my church livestream,Sales
I want to add Hulu + Live TV through you,Sales
Can I get a data-only eSIM for my iPad,Sales
Do you have a senior plan with free install,Sales
I want to sign up but keep my existing @comcast.net email,Sales
Can I get the $40 internet if I bundle with mobile,Sales
Do you offer static IP for residential in 30301,Sales
I want to buy 2 mesh nodes at signup,Sales
Can I get the win-back deal if I left 6 months ago,Sales
Do you have a plan with Paramount+ included,Sales
I want to add international calling to Philippines,Sales
Can I get the $0 phone deal with trade-in and port,Sales
Your 1 Gig is $30 more than Quantum Fiber. Match it,Retention
I’ve had 8 outages this year. Credit $200 or I cancel,Retention
Your price lock was fake. Rates increased 3 times,Retention
I’m moving but keeping you if you waive install at new place,Retention
Give me the $50 internet plan or I’m going to Verizon 5G,Retention
Your loyalty dept is a joke. $3 credit after 10 years,Retention
Cancel my account. Starlink dish arrives tomorrow,Retention
I was promised $150 for the outage. Not on my bill,Retention
Your tech damaged my wall. Fix it or I’m gone,Retention
Final offer: $70 for 1 Gig or disconnect now,Retention
Take the $25 of junk fees off or I return everything,Retention
I don’t want to haggle yearly. Give me a real price,Retention
Your 'valued customer' rate is higher than new customers,Retention
I’m paying for 500 Mbps and getting 60. Cut price or I leave,Retention
Give me the new customer gift card or I cancel and rejoin,Retention
I want to cancel my disconnect. My sale fell through,Order Management
Change my phone storage from 128GB to 256GB,Order Management
I received a used gateway. I paid for new,Order Management
Add a battery backup to my fiber order for Thursday,Order Management
Can you rush my replacement cable box. No TV for kids,Order Management
My order is 'Pending Facilities'. What does that mean,Order Management
I need to reschedule burial. Sprinkler guy cut flag,Order Management
Cancel the home security add-on. Keep internet,Order Management
The agent added a phone line I didn’t ask for,Order Management
Can you confirm my install is 1pm-5pm not morning,Order Management
My bill has 'Advance Monthly Charge' but I’m prepaid,Billing
Can you remove the $40 'Service Change' for removing a feature,Billing
I’m getting billed for 'TV Equipment' on internet-only account,Billing
Why is there a $9 'Federal Telecom Fee' and 'FUSF',Billing
My bill shows a $0 balance but collections called me,Billing
Please delete the $35 'Reconnection Fee'. I was never off,Billing
I need my bill with property tax ID for rental,Billing
Why did my 'Promotional Rate' end 3 months early,Billing
My bill has a $20 'Network Access Fee' per device,Billing
Can you apply my $200 reward to the past due only,Billing
I’m getting charged $15 for 'Advanced Voice' I don’t have,Billing
Please reverse the $50 'NSF Fee'. Check cleared next day,Billing
My bill says I have 'Unlimited Data' but shows overage fee,Billing
Can you stop the $12 'Equipment Upgrade Fee' monthly,Billing
I’m getting a $6 'Regulatory Recovery' on every service line,Billing
Why is there a $30 'Service Transfer' to same building,Billing
My bill has a $0 'Internet' but $95 total,Billing
Can you waive the $25 'Account Reactivation' for military,Billing
I need a zero balance receipt for my employer,Billing
Why did my 'Bundle Discount' disappear after outage credit,Billing
My bill shows $400 'Security Deposit' after 3 years service,Billing
Can you remove the $18 'Voice Network Fee' from data plan,Billing
I’m getting charged for 'WiFi Complete' pods I returned,Billing
Please delete the $70 'Failed Trip Charge'. I was home,Billing
My bill has a $10 'Network Management Fee' new this month,Billing
Can you stop the $5 'Auto Pay Fee' for using credit card,Billing
I’m getting a $2 'Paper Statement' and I’m paperless,Billing
Why is there a $60 'Early Termination' on no-contract plan,Billing
My bill says 'Includes $80 Discount' but I’m up $10,Billing
Can you apply my $300 gift card to next 3 bills evenly,Billing
My bill has a $25 'Service Order Fee' for changing my own password,Billing
Can you remove the $45 'Truck Roll' when the issue was your headend,Billing
I’m getting billed for 'Showtime' but I cancelled during free trial,Billing
Why is there a $11 'Local Franchise Fee' and 'State Franchise Fee',Billing
My bill shows a $0 payment but $150 was debited from my checking,Billing
Please delete the $55 'Reactivation' when I was on seasonal hold,Billing
"I need my bill with company name for IRS, not my name",Billing
Why did my 'New Customer Promo' fall off after 6 months not 12,Billing
My bill has a $30 'Network Recovery Fee' per service,Billing
Can you apply my $120 credit to the equipment installment first,Billing
I’m getting charged $18 for 'WiFi Pro' I declined in store,Billing
Please reverse the $65 'No Show Fee'. Tech came wrong day,Billing
My bill says I have 'Contract' but I’m prepaid no-contract,Billing
Can you stop the $14 'Voice Mail to Text' I never enabled,Billing
I’m getting a $7 'Regulatory Cost' on every single line,Billing
Why is there a $35 'Service Transfer' within same zip code,Billing
My bill has a $0 'Gigabit Service' but $130 total,Billing
Can you waive the $20 'Account Update Fee' for address change,Billing
I need a final bill showing refund amount for probate court,Billing
Why did my 'Bundle Savings' drop $15 when I added mobile,Billing
My bill shows $500 'Equipment Deposit' after 4 years loyalty,Billing
Can you remove the $22 'Network Access' from data-only plan,Billing
I’m getting charged for 'Home Security' with no equipment,Billing
Please delete the $50 'Service Change' for downgrade,Billing
My bill has a $9 'Internet Infrastructure Fee' monthly,Billing
Can you stop the $8 'Pay by Text Fee' I didn’t use,Billing
I’m getting a $4 'Paper Bill' and I’m on e-bill,Billing
Why is there a $80 'Early Term' on month-to-month account,Billing
My bill says 'Includes $100 Credit' but balance went up,Billing
Can you apply my $400 gift card to erase past due only,Billing
I’m getting charged $25 for 'WiFi Extender' I own myself,Billing
Please remove the $60 'Failed Install' when no one showed,Billing
My bill has a $15 'Network Management' new this month,Billing
Can you stop the $6 'Auto Pay Credit Card Fee',Billing
I’m getting a $3 'Statement Fee' and I’m paperless,Billing
Why is there a $70 'Termination' on transferred service,Billing
My bill says 'Includes $90 Promo' but I’m paying more,Billing
Can you apply my $350 reward to next 6 bills,Billing
I’m getting charged $30 for 'Voice Remote' I didn’t order,Billing
Please delete the $85 'Construction' when drop was existing,Billing
My bill has a $20 'Service Adjustment' charge not credit,Billing
Can you stop the $10 'Account Maintenance Fee',Billing
I’m getting a $5 'Broadcast TV' on internet-only plan,Billing
Why is there a $40 'Upgrade Fee' for same speed,Billing
My bill shows a credit but can’t use for accessories,Billing
Can you waive the $15 'Payment Processing' for ACH,Billing
"I need my bill with apartment number, not just street",Billing
Why did my 'Taxes and Fees' increase $11 no plan change,Billing
My bill has $600 'Unreturned Equipment' for active gateway,Billing
Can you remove the $28 'Service Protection' I cancelled 3 times,Billing
I’m getting charged $16 for 'Premium Support' monthly,Billing
Please delete the $95 'Professional Install' for self-install kit,Billing
My bill shows $0 'Phone' but $20 in phone taxes,Billing
Can you stop the $12 'Lease Fee' on customer-owned modem,Billing
I’m getting a $7 'Franchise Cost Recovery' and 'Franchise Fee',Billing
Why is there a $50 'Reconnection' when I paid before due date,Billing
My bill has a $0 balance but late notice arrived today,Billing
Can you apply my $250 Visa card to equipment balance,Billing
I’m getting charged $35 for 'Field Service' during outage,Billing
Please remove the $18 'Tech Visit' when problem was upstream,Billing
Internet works but my VPN to work drops every 5 minutes,Repair
Getting 'RDK-03088' Acquisition Failure on all X1 boxes,Repair
My landline has dial tone but can’t hear callers,Repair
Cable box shows 'Configuring' for 45 minutes on boot,Repair
Internet speed is 950 Mbps but page loads take 20 seconds,Repair
Tech said my upstream SNR is 25 dB. Needs fixed,Repair
Getting 'Error S0900' Service Unavailable on premiums,Repair
My gateway LAN port 1 negotiates 100 Mbps not 1 Gig,Repair
WiFi shows connected but no IP address assigned,Repair
Landline rings but fast busy when answered,Repair
Internet drops when my Tesla starts charging,Repair
"My ONT has green PON, green ALARM, red FAIL",Repair
TV guide shows 'To Be Announced' on all channels,Repair
Getting 'XRE-03060' Cannot Connect to Platform,Repair
"My speeds are 5 Mbps down, 400 Mbps up",Repair
Internet cuts out when my sump pump runs,Repair
Phone line has DTMF tones but won’t dial,Repair
The pedestal in my yard is open and full of water,Repair
My DVR plays recordings with green lines and artifacts,Repair
Internet works on Starlink but not on yours at same location,Repair
Getting 'RDK-10002' Platform Error every morning 3am,Repair
My landline can receive calls but not make them,Repair
Tech replaced my drop but used flooded coax,Repair
WiFi 6E device connects then drops every 2 minutes,Repair
"Internet latency to Cloudflare is 180ms, should be 15ms",Repair
My phone line has constant white noise like ocean,Repair
Cable box reboots when I press Guide button,Repair
Internet drops when I use my blender,Repair
Getting 'Error Code: WPE-1001' on wireless boxes,Repair
My gateway says 'Online' but TR-069 is failing,Repair
"TV has SAP audio on all channels, can’t disable",Repair
Internet slows to 3 Mbps when it’s humid outside,Repair
Landline gets disconnected when someone picks up upstairs,Repair
My service was fine until you changed my OFDM channel,Repair
WiFi calling SMS works but MMS fails,Repair
Getting 'CM T3 Timeout' every hour in logs,Repair
Internet cuts out when Amazon truck uses lift gate,Repair
My cable box CEC turns TV off randomly,Repair
Service drops when wind hits 20 mph,Repair
Getting 'XRE-10007' after every storm,Repair
My upload is 2 Mbps on 2 Gig plan,Repair
"Internet works on IPv6 sites only, IPv4 timeout",Repair
Phone line has no dial tone but DSL works,Repair
My gateway WAN light flashes red/white,Repair
"TV channels 500-599 are black, others fine",Repair
Internet drops when I run my CNC machine,Repair
Getting 'RDK-03089' Network Error on 2 of 4 boxes,Repair
My service was working until you 'balanced' the node,Repair
WiFi devices get 192.168.100.x from modem not router,Repair
"Landline can’t call local numbers, only long distance",Repair
My speeds are 40 Mbps on wired Gig connection,Repair
Can I get 8 Gig fiber with 8 Gig upload,Sales
Do you offer free Disney Bundle with 2 Gig internet,Sales
I want to add a line and get $1000 off any phone,Sales
Can I get the $20 ACP plan with 200 Mbps,Sales
Do you have a BYOD rebate for 6 lines switching,Sales
I want to sign up but need weekend install,Sales
Can I get a /26 static IP block for my business,Sales
Do you offer no-deposit internet with bad credit,Sales
I want to bundle mobile and get 2 free phones,Sales
Can I get the business fiber with residential pricing,Sales
"Do you have internet for vacation home, pause anytime",Sales
I want to port 4 numbers and get $300 per line,Sales
Can I get the 8 Gig plan with WiFi 7 pro router,Sales
Do you offer internet for my bar with public WiFi,Sales
I want to add Max and Discovery+ through you,Sales
Can I get a data-only line for my laptop,Sales
Do you have a senior plan with free equipment,Sales
I want to sign up but keep my @verizon.net email,Sales
Can I get the $35 internet if I add mobile,Sales
Do you offer static IP for residential in 60601,Sales
I want to buy 3 mesh beacons at signup,Sales
Can I get the win-back offer if I left 4 months ago,Sales
Do you have a plan with Apple TV+ included,Sales
I want to add international calling to India,Sales
Can I get the $0 tablet deal with new line,Sales
Your 5 Gig is $50 more than Frontier. Match it,Retention
I’ve had 10 outages this year. Credit $300 or I cancel,Retention
Your lifetime price guarantee was marketing. Cancel me,Retention
I’m moving but staying if you waive $200 install,Retention
Give me the $40 internet plan or I’m going to T-Mobile 5G,Retention
Your loyalty credit is $5 after 12 years. Bye,Retention
Cancel my account. Fixed wireless installed today,Retention
I was promised $200 for the outage. Not credited,Retention
Your tech broke my drywall. Repair it or I leave,Retention
Final offer: $65 for 2 Gig or disconnect,Retention
Take the $30 of fees off or I return all equipment,Retention
I don’t want to call yearly to beg. Set fair price,Retention
Your 'new customer' rate is $60 less than mine,Retention
I’m paying for 2 Gig and getting 400. Fix bill or I leave,Retention
Give me the comeback gift card now or I stay gone,Retention
I want to cancel my cancel. Service got better,Order Management
Change my phone from 512GB to 1TB,Order Management
I received a refurb gateway. I paid for new,Order Management
Add a whole-home battery backup to my order,Order Management
Can you overnight my replacement voice remote,Order Management
My order is 'Pending Survey'. How long does that take,Order Management
I need to reschedule aerial drop. Tree trimmer coming,Order Management
Cancel the streaming TV add-on. Keep gig internet,Order Management
The agent added home phone I didn’t request,Order Management
Can you confirm my tech visit is 12pm-4pm,Order Management
My bill has 'Advance Payment' but I’m on monthly billing,Billing
Can you remove the $50 'Order Change' for removing TV,Billing
I’m getting billed for 'Home Phone Connect' with no device,Billing
Why is there a $13 'State Universal Service' and 'FUSF',Billing
My bill shows a $0 payment but $175 drafted from bank,Billing
Please delete the $65 'Reactivation' when I was paused,Billing
"I need my bill with DBA and tax ID, not personal info",Billing
Why did my 'Intro Rate' end month 9 not 12,Billing
My bill has a $35 'Network Upgrade Fee' per service,Billing
Can you apply my $180 credit to equipment payoff,Billing
